2023-07-03,false,Kawasaki,392XSUBMUW,false
2023-05-03,false,Yamaha,45CNYV7IFF,false
2023-03-02,false,Kawasaki,483QHIM661,false
2023-05-02,false,Kawasaki,4J8UA0FMVY,false
2023-08-02,false,Kymco,4M793VVAHI,false
2023-06-03,false,Kymco,5I80N9HB7W,false
2023-08-02,false,Suzuki,5N7IQVJ2BA,false
2023-04-03,false,Yamaha,5NGI5UZ8T2,false
2023-05-02,false,Kawasaki,A8BDL926FA,false
2023-05-03,false,Honda,AITLTSJUK2,false
2023-03-03,false,Yamaha,BVGQQNMATL,false
2023-06-03,false,Yamaha,D01JMJL9PG,false
2023-08-02,false,Yamaha,DVFUIA0YVB,false
2023-07-02,false,Yamaha,IDN93SI4KW,false
2023-08-02,false,Honda,IRQACSKUNZ,false
2023-07-02,false,Kymco,J8JA99VWZE,false
2023-07-02,false,Honda,K4KHCQAU41,false
2023-07-03,false,Suzuki,LAMH9Y1YD6,false
2023-03-03,false,Kawasaki,LYQVEHJ6IU,false
2023-06-03,false,Kymco,MXS36NKV96,false
2023-01-03,false,Suzuki,NO8VW05PU9,false
2023-07-02,false,Kymco,NS530HOT9H,false
2023-01-03,false,Yamaha,NWIP2MQEIN,false
2023-07-02,false,Honda,PVAWKD51CE,false
2023-06-03,false,Kymco,PWM3MJWPYE,false
2023-01-02,false,Honda,PZCT1S00XE,false
2023-04-02,false,Kymco,QMUB6UYLKL,false
2023-03-02,false,Kymco,SPHA17SSEE,false
2023-08-02,false,Yamaha,TMZCTALNDL,false
2023-06-02,false,Honda,TY5SU0WPDX,false
2023-07-02,false,Suzuki,URIA0XXM05,false
2023-04-03,false,Kymco,URWMSQZCBU,false
2023-04-02,false,Honda,V96GMTFFEI,false
2023-05-03,false,Honda,W2UYM0EIRS,false
2023-05-02,false,Kawasaki,X8G5ZZ7A69,false
2023-06-02,false,Kymco,YUL4UTC4FU,false
2023-03-03,false,Kawasaki,Z46VKPIJBY,false
2023-08-02,false,Honda,Z4NY5JGZZT,false
